STAC Field,TM Field,ETM+ Field,OLI_TIRS Field
,GROUP = LANDSAT_METADATA_FILE,GROUP = LANDSAT_METADATA_FILE,GROUP = LANDSAT_METADATA_FILE
,"  GROUP = PRODUCT_CONTENTS","  GROUP = PRODUCT_CONTENTS","  GROUP = PRODUCT_CONTENTS"
,"    ORIGIN = ""Image courtesy of the U.S. Geological Survey""","    ORIGIN = ""Image courtesy of the U.S. Geological Survey""","    ORIGIN = ""Image courtesy of the U.S. Geological Survey"""
sci:doi,"    DIGITAL_OBJECT_IDENTIFIER = ""https://doi.org/10.5066/P9IAXOVV""","    DIGITAL_OBJECT_IDENTIFIER = ""https://doi.org/10.5066/P9C7I13B""","    DIGITAL_OBJECT_IDENTIFIER = ""https://doi.org/10.5066/P9OGBGM6"""
id,"    LANDSAT_PRODUCT_ID = ""LT05_L2SP_047027_20101006_20190828_02_T1""","    LANDSAT_PRODUCT_ID = ""LE07_L2SP_042027_20050927_20190828_02_T1""","    LANDSAT_PRODUCT_ID = ""LC08_L2SP_140041_20130503_20190828_02_T1"""
landsat:processing_level,"    PROCESSING_LEVEL = ""L2SP""","    PROCESSING_LEVEL = ""L2SP""","    PROCESSING_LEVEL = ""L2SP"""
landsat:collection_number,"    COLLECTION_NUMBER = 02","    COLLECTION_NUMBER = 02","    COLLECTION_NUMBER = 02"
landsat:collection_category,"    COLLECTION_CATEGORY = ""T1""","    COLLECTION_CATEGORY = ""T1""","    COLLECTION_CATEGORY = ""T1"""
,"    OUTPUT_FORMAT = ""GEOTIFF""","    OUTPUT_FORMAT = ""GEOTIFF""","    OUTPUT_FORMAT = ""GEOTIFF"""
asset,"    FILE_NAME_BAND_1 = ""LT05_L2SP_047027_20101006_20190828_02_T1_SR_B1.TIF""","    FILE_NAME_BAND_1 = ""LE07_L2SP_042027_20050927_20190828_02_T1_SR_B1.TIF""","    FILE_NAME_BAND_1 = ""LC08_L2SP_140041_20130503_20190828_02_T1_SR_B1.TIF"""
asset,"    FILE_NAME_BAND_2 = ""LT05_L2SP_047027_20101006_20190828_02_T1_SR_B2.TIF""","    FILE_NAME_BAND_2 = ""LE07_L2SP_042027_20050927_20190828_02_T1_SR_B2.TIF""","    FILE_NAME_BAND_2 = ""LC08_L2SP_140041_20130503_20190828_02_T1_SR_B2.TIF"""
asset,"    FILE_NAME_BAND_3 = ""LT05_L2SP_047027_20101006_20190828_02_T1_SR_B3.TIF""","    FILE_NAME_BAND_3 = ""LE07_L2SP_042027_20050927_20190828_02_T1_SR_B3.TIF""","    FILE_NAME_BAND_3 = ""LC08_L2SP_140041_20130503_20190828_02_T1_SR_B3.TIF"""
asset,"    FILE_NAME_BAND_4 = ""LT05_L2SP_047027_20101006_20190828_02_T1_SR_B4.TIF""","    FILE_NAME_BAND_4 = ""LE07_L2SP_042027_20050927_20190828_02_T1_SR_B4.TIF""","    FILE_NAME_BAND_4 = ""LC08_L2SP_140041_20130503_20190828_02_T1_SR_B4.TIF"""
asset,"    FILE_NAME_BAND_5 = ""LT05_L2SP_047027_20101006_20190828_02_T1_SR_B5.TIF""","    FILE_NAME_BAND_5 = ""LE07_L2SP_042027_20050927_20190828_02_T1_SR_B5.TIF""","    FILE_NAME_BAND_5 = ""LC08_L2SP_140041_20130503_20190828_02_T1_SR_B5.TIF"""
asset,,"    FILE_NAME_BAND_ST_B6_VCID_1 = ""LE07_L2SP_042027_20050927_20190828_02_T1_ST_B6_VCID_1.TIF""",
asset,"    FILE_NAME_BAND_ST_B6 = ""LT05_L2SP_047027_20101006_20190828_02_T1_ST_B6.TIF""",,"    FILE_NAME_BAND_6 = ""LC08_L2SP_140041_20130503_20190828_02_T1_SR_B6.TIF"""
asset,"    FILE_NAME_BAND_7 = ""LT05_L2SP_047027_20101006_20190828_02_T1_SR_B7.TIF""","    FILE_NAME_BAND_7 = ""LE07_L2SP_042027_20050927_20190828_02_T1_SR_B7.TIF""","    FILE_NAME_BAND_7 = ""LC08_L2SP_140041_20130503_20190828_02_T1_SR_B7.TIF"""
asset,,,"    FILE_NAME_BAND_ST_B10 = ""LC08_L2SP_140041_20130503_20190828_02_T1_ST_B10.TIF"""
asset,"    FILE_NAME_THERMAL_RADIANCE = ""LT05_L2SP_047027_20101006_20190828_02_T1_ST_TRAD.TIF""","    FILE_NAME_THERMAL_RADIANCE = ""LE07_L2SP_042027_20050927_20190828_02_T1_ST_TRAD.TIF""","    FILE_NAME_THERMAL_RADIANCE = ""LC08_L2SP_140041_20130503_20190828_02_T1_ST_TRAD.TIF"""
asset,"    FILE_NAME_UPWELL_RADIANCE = ""LT05_L2SP_047027_20101006_20190828_02_T1_ST_URAD.TIF""","    FILE_NAME_UPWELL_RADIANCE = ""LE07_L2SP_042027_20050927_20190828_02_T1_ST_URAD.TIF""","    FILE_NAME_UPWELL_RADIANCE = ""LC08_L2SP_140041_20130503_20190828_02_T1_ST_URAD.TIF"""
asset,"    FILE_NAME_DOWNWELL_RADIANCE = ""LT05_L2SP_047027_20101006_20190828_02_T1_ST_DRAD.TIF""","    FILE_NAME_DOWNWELL_RADIANCE = ""LE07_L2SP_042027_20050927_20190828_02_T1_ST_DRAD.TIF""","    FILE_NAME_DOWNWELL_RADIANCE = ""LC08_L2SP_140041_20130503_20190828_02_T1_ST_DRAD.TIF"""
asset,"    FILE_NAME_ATMOSPHERIC_TRANSMITTANCE = ""LT05_L2SP_047027_20101006_20190828_02_T1_ST_ATRAN.TIF""","    FILE_NAME_ATMOSPHERIC_TRANSMITTANCE = ""LE07_L2SP_042027_20050927_20190828_02_T1_ST_ATRAN.TIF""","    FILE_NAME_ATMOSPHERIC_TRANSMITTANCE = ""LC08_L2SP_140041_20130503_20190828_02_T1_ST_ATRAN.TIF"""
asset,"    FILE_NAME_EMISSIVITY = ""LT05_L2SP_047027_20101006_20190828_02_T1_ST_EMIS.TIF""","    FILE_NAME_EMISSIVITY = ""LE07_L2SP_042027_20050927_20190828_02_T1_ST_EMIS.TIF""","    FILE_NAME_EMISSIVITY = ""LC08_L2SP_140041_20130503_20190828_02_T1_ST_EMIS.TIF"""
asset,"    FILE_NAME_EMISSIVITY_STDEV = ""LT05_L2SP_047027_20101006_20190828_02_T1_ST_EMSD.TIF""","    FILE_NAME_EMISSIVITY_STDEV = ""LE07_L2SP_042027_20050927_20190828_02_T1_ST_EMSD.TIF""","    FILE_NAME_EMISSIVITY_STDEV = ""LC08_L2SP_140041_20130503_20190828_02_T1_ST_EMSD.TIF"""
asset,"    FILE_NAME_CLOUD_DISTANCE = ""LT05_L2SP_047027_20101006_20190828_02_T1_ST_CDIST.TIF""","    FILE_NAME_CLOUD_DISTANCE = ""LE07_L2SP_042027_20050927_20190828_02_T1_ST_CDIST.TIF""","    FILE_NAME_CLOUD_DISTANCE = ""LC08_L2SP_140041_20130503_20190828_02_T1_ST_CDIST.TIF"""
asset,"    FILE_NAME_ATMOSPHERIC_OPACITY = ""LT05_L2SP_047027_20101006_20190828_02_T1_SR_ATMOS_OPACITY.TIF""","    FILE_NAME_ATMOSPHERIC_OPACITY = ""LE07_L2SP_042027_20050927_20190828_02_T1_SR_ATMOS_OPACITY.TIF""",
asset,,,"    FILE_NAME_QUALITY_L2_AEROSOL = ""LC08_L2SP_140041_20130503_20190828_02_T1_SR_QA_AEROSOL.TIF"""
asset,"    FILE_NAME_QUALITY_L2_SURFACE_REFLECTANCE_CLOUD = ""LT05_L2SP_047027_20101006_20190828_02_T1_SR_CLOUD_QA.TIF""","    FILE_NAME_QUALITY_L2_SURFACE_REFLECTANCE_CLOUD = ""LE07_L2SP_042027_20050927_20190828_02_T1_SR_CLOUD_QA.TIF""",
asset,"    FILE_NAME_QUALITY_L2_SURFACE_TEMPERATURE = ""LT05_L2SP_047027_20101006_20190828_02_T1_ST_QA.TIF""","    FILE_NAME_QUALITY_L2_SURFACE_TEMPERATURE = ""LE07_L2SP_042027_20050927_20190828_02_T1_ST_QA.TIF""","    FILE_NAME_QUALITY_L2_SURFACE_TEMPERATURE = ""LC08_L2SP_140041_20130503_20190828_02_T1_ST_QA.TIF"""
asset,"    FILE_NAME_QUALITY_L1_PIXEL = ""LT05_L2SP_047027_20101006_20190828_02_T1_QA_PIXEL.TIF""","    FILE_NAME_QUALITY_L1_PIXEL = ""LE07_L2SP_042027_20050927_20190828_02_T1_QA_PIXEL.TIF""","    FILE_NAME_QUALITY_L1_PIXEL = ""LC08_L2SP_140041_20130503_20190828_02_T1_QA_PIXEL.TIF"""
asset,"    FILE_NAME_QUALITY_L1_RADIOMETRIC_SATURATION = ""LT05_L2SP_047027_20101006_20190828_02_T1_QA_RADSAT.TIF""","    FILE_NAME_QUALITY_L1_RADIOMETRIC_SATURATION = ""LE07_L2SP_042027_20050927_20190828_02_T1_QA_RADSAT.TIF""","    FILE_NAME_QUALITY_L1_RADIOMETRIC_SATURATION = ""LC08_L2SP_140041_20130503_20190828_02_T1_QA_RADSAT.TIF"""
asset,"    FILE_NAME_ANGLE_COEFFICIENT = ""LT05_L2SP_047027_20101006_20190828_02_T1_ANG.txt""","    FILE_NAME_ANGLE_COEFFICIENT = ""LE07_L2SP_042027_20050927_20190828_ANG.txt""","    FILE_NAME_ANGLE_COEFFICIENT = ""LC08_L2SP_140041_20130503)20190828_02_T1_ANG.txt"""
asset,"    FILE_NAME_METADATA_ODL = ""LT05_L2SP_047027_20101006_20190828_02_T1_MTL.txt""","    FILE_NAME_METADATA_ODL = ""LE07_L2SP_042027_20050927_20190828_02_T1_MTL.txt""","    FILE_NAME_METADATA_ODL = ""LC08_L2SP_140041_20130503_20190828_02_T1_MTL.txt"""
asset,"    FILE_NAME_METADATA_XML = ""LT05_L2SP_047027_20101006_20190828_02_T1_MTL.xml""","    FILE_NAME_METADATA_XML = ""LE07_L2SP_042027_20050927_20190828_02_T1_MTL.xml""","    FILE_NAME_METADATA_XML = ""LC08_L2SP_140041_20130503_20190828_02_T1_MTL.xml"""
,"    DATA_TYPE_BAND_1 = ""UINT16""","    DATA_TYPE_BAND_1 = ""UINT16""","    DATA_TYPE_BAND_1 = ""UINT16"""
,"    DATA_TYPE_BAND_2 = ""UINT16""","    DATA_TYPE_BAND_2 = ""UINT16""","    DATA_TYPE_BAND_2 = ""UINT16"""
,"    DATA_TYPE_BAND_3 = ""UINT16""","    DATA_TYPE_BAND_3 = ""UINT16""","    DATA_TYPE_BAND_3 = ""UINT16"""
,"    DATA_TYPE_BAND_4 = ""UINT16""","    DATA_TYPE_BAND_4 = ""UINT16""","    DATA_TYPE_BAND_4 = ""UINT16"""
,"    DATA_TYPE_BAND_5 = ""UINT16""","    DATA_TYPE_BAND_5 = ""UINT16""","    DATA_TYPE_BAND_5 = ""UINT16"""
,"    DATA_TYPE_BAND_ST_B6 = ""UINT16""","    DATA_TYPE_BAND_ST_B6_VCID_1 = ""UINT16""",
,,,"    DATA_TYPE_BAND_6 = ""UINT16"""
,"    DATA_TYPE_BAND_7 = ""UINT16""","    DATA_TYPE_BAND_7 = ""UINT16""","    DATA_TYPE_BAND_7 = ""UINT16"""
,,,"    DATA_TYPE_BAND_ST_B10 = ""UINT16"""
,"    DATA_TYPE_THERMAL_RADIANCE = ""INT16""","    DATA_TYPE_THERMAL_RADIANCE = ""INT16""","    DATA_TYPE_THERMAL_RADIANCE = ""INT16"""
,"    DATA_TYPE_UPWELL_RADIANCE = ""INT16""","    DATA_TYPE_UPWELL_RADIANCE = ""INT16""","    DATA_TYPE_UPWELL_RADIANCE = ""INT16"""
,"    DATA_TYPE_DOWNWELL_RADIANCE = ""INT16""","    DATA_TYPE_DOWNWELL_RADIANCE = ""INT16""","    DATA_TYPE_DOWNWELL_RADIANCE = ""INT16"""
,"    DATA_TYPE_ATMOSPHERIC_TRANSMITTANCE = ""INT16""","    DATA_TYPE_ATMOSPHERIC_TRANSMITTANCE = ""INT16""","    DATA_TYPE_ATMOSPHERIC_TRANSMITTANCE = ""INT16"""
,"    DATA_TYPE_EMISSIVITY = ""INT16""","    DATA_TYPE_EMISSIVITY = ""INT16""","    DATA_TYPE_EMISSIVITY = ""INT16"""
,"    DATA_TYPE_EMISSIVITY_STDEV = ""INT16""","    DATA_TYPE_EMISSIVITY_STDEV = ""INT16""","    DATA_TYPE_EMISSIVITY_STDEV = ""INT16"""
,"    DATA_TYPE_CLOUD_DISTANCE = ""INT16""","    DATA_TYPE_CLOUD_DISTANCE = ""INT16""","    DATA_TYPE_CLOUD_DISTANCE = ""INT16"""
,"    DATA_TYPE_ATMOSPHERIC_OPACITY = ""INT16""","    DATA_TYPE_ATMOSPHERIC_OPACITY = ""INT16""",
,,,"    DATA_TYPE_QUALITY_L2_AEROSOL = ""UINT8"""
,"    DATA_TYPE_QUALITY_L2_SURFACE_REFLECTANCE_CLOUD = ""UINT8""","    DATA_TYPE_QUALITY_L2_SURFACE_REFLECTANCE_CLOUD = ""UINT8""",
,"    DATA_TYPE_QUALITY_L2_SURFACE_TEMPERATURE = ""INT16""","    DATA_TYPE_QUALITY_L2_SURFACE_TEMPERATURE = ""INT16""","    DATA_TYPE_QUALITY_L2_SURFACE_TEMPERATURE = ""INT16"""
,"    DATA_TYPE_QUALITY_L1_PIXEL = ""UINT16""","    DATA_TYPE_QUALITY_L1_PIXEL = ""UINT16""","    DATA_TYPE_QUALITY_L1_PIXEL = ""UINT16"""
,"    DATA_TYPE_QUALITY_L1_RADIOMETRIC_SATURATION = ""UINT16""","    DATA_TYPE_QUALITY_L1_RADIOMETRIC_SATURATION = ""UINT16""","    DATA_TYPE_QUALITY_L1_RADIOMETRIC_SATURATION = ""UINT16"""
,"  END_GROUP = PRODUCT_CONTENTS","  END_GROUP = PRODUCT_CONTENTS","  END_GROUP = PRODUCT_CONTENTS"
,"  GROUP = IMAGE_ATTRIBUTES","  GROUP = IMAGE_ATTRIBUTES","  GROUP = IMAGE_ATTRIBUTES"
platform,"    SPACECRAFT_ID = ""LANDSAT_5""","    SPACECRAFT_ID = ""LANDSAT_7""","    SPACECRAFT_ID = ""LANDSAT_8"""
instruments,"    SENSOR_ID = ""TM""","    SENSOR_ID = ""ETM""","    SENSOR_ID = ""OLI_TIRS"""
landsat:wrs_type,"    WRS_TYPE = 2","    WRS_TYPE = 2","    WRS_TYPE = 2"
landsat:wrs_path,"    WRS_PATH = 047","    WRS_PATH = 042","    WRS_PATH = 140"
landsat:wrs_row,"    WRS_ROW = 027","    WRS_ROW = 027","    WRS_ROW = 41"
,,,"    NADIR_OFFNADIR = ""NADIR"""
,,,"    TARGET_WRS_PATH = 140"
,,,"    TARGET_WRS_ROW = 41"
datetime,"    DATE_ACQUIRED = 2010-10-06","    DATE_ACQUIRED = 2005-09-27","    DATE_ACQUIRED = 2013-05-03"
,"    SCENE_CENTER_TIME = ""18:51:52.3160190Z""","    SCENE_CENTER_TIME = ""18:20:00.1881414Z""","    SCENE_CENTER_TIME = ""04:43:58.0429310Z"""
,"    STATION_ID = ""PAC""","    STATION_ID = ""EDC""","    STATION_ID = ""LGN"""
eo:cloud_cover,"    CLOUD_COVER = 1.00","    CLOUD_COVER = 5.00","    CLOUD_COVER = 13.82"
landsat:cloud_cover_land,"    CLOUD_COVER_LAND = 1.00","    CLOUD_COVER_LAND = 5.00","    CLOUD_COVER_LAND = 13.82"
,"    IMAGE_QUALITY = 9","    IMAGE_QUALITY = 9",
,,,"    IMAGE_QUALITY_OLI = 9"
,,,"    IMAGE_QUALITY_TIRS = 9"
,"    SATURATION_BAND_1 = ""Y""","    SATURATION_BAND_1 = ""Y""","    SATURATION_BAND_1 = ""Y"""
,"    SATURATION_BAND_2 = ""Y""","    SATURATION_BAND_2 = ""Y""","    SATURATION_BAND_2 = ""Y"""
,"    SATURATION_BAND_3 = ""Y""","    SATURATION_BAND_3 = ""Y""","    SATURATION_BAND_3 = ""Y"""
,"    SATURATION_BAND_4 = ""Y""","    SATURATION_BAND_4 = ""Y""","    SATURATION_BAND_4 = ""Y"""
,"    SATURATION_BAND_5 = ""Y""","    SATURATION_BAND_5 = ""Y""","    SATURATION_BAND_5 = ""Y"""
,,"    SATURATION_BAND_6_VCID_1 = ""Y""",
,,"    SATURATION_BAND_6_VCID_2 = ""Y""",
,"    SATURATION_BAND_6 = ""N""",,"    SATURATION_BAND_6 = ""Y"""
,"    SATURATION_BAND_7 = ""Y""","    SATURATION_BAND_7 = ""Y""","    SATURATION_BAND_7 = ""Y"""
,,"    SATURATION_BAND_8 = ""N""","    SATURATION_BAND_8 = ""N"""
,,,"    SATURATION_BAND_9 = ""N"""
,,,"    ROLL_ANGLE = -0.001"
view:sun_azimuth,"    SUN_AZIMUTH = 158.55413095","    SUN_AZIMUTH = 156.24786492","    SUN_AZIMUTH = 116.18483035"
view:sun_elevation,"    SUN_ELEVATION = 35.04073331","    SUN_ELEVATION = 38.04866994","    SUN_ELEVATION = 66.97699002"
,"    EARTH_SUN_DISTANCE = 0.9996474","    EARTH_SUN_DISTANCE = 1.0021400","    EARTH_SUN_DISTANCE = 1.0080943"
,,,"    TRUNCATION_OLI = ""UPPER"""
,,,"    TIRS_SSM_MODEL = ""ACTUAL"""
,,,"    TIRS_SSM_POSITION_STATUS = ""NOMINAL"""
,"    SENSOR_MODE = ""BUMPER""","    SENSOR_MODE = ""SAM""",
,"    SENSOR_MODE_SLC = ""ON""","    SENSOR_MODE_SLC = ""OFF""",
,"    SENSOR_ANOMALIES = ""NONE""","    SENSOR_ANOMALIES = ""NONE""",
,"  END_GROUP = IMAGE_ATTRIBUTES","  END_GROUP = IMAGE_ATTRIBUTES","  END_GROUP = IMAGE_ATTRIBUTES"
,"  GROUP = PROJECTION_ATTRIBUTES","  GROUP = PROJECTION_ATTRIBUTES","  GROUP = PROJECTION_ATTRIBUTES"
,"    MAP_PROJECTION = ""UTM""","    MAP_PROJECTION = ""UTM""","    MAP_PROJECTION = ""UTM"""
,"    DATUM = ""WGS84""","    DATUM = ""WGS84""","    DATUM = ""WGS84"""
,"    ELLIPSOID = ""WGS84""","    ELLIPSOID = ""WGS84""","    ELLIPSOID = ""WGS84"""
,"    UTM_ZONE = 10","    UTM_ZONE = 11","    UTM_ZONE = 45"
gsd,"    GRID_CELL_SIZE_REFLECTIVE = 30.00","    GRID_CELL_SIZE_REFLECTIVE = 30.00","    GRID_CELL_SIZE_REFLECTIVE = 30.00"
gsd,"    GRID_CELL_SIZE_THERMAL = 30.00","    GRID_CELL_SIZE_THERMAL = 30.00","    GRID_CELL_SIZE_THERMAL = 30.00"
,"    REFLECTIVE_LINES = 7351","    REFLECTIVE_LINES = 7291","    REFLECTIVE_LINES = 7351"
,"    REFLECTIVE_SAMPLES = 8141","    REFLECTIVE_SAMPLES = 7981","    REFLECTIVE_SAMPLES = 7551"
,"    THERMAL_LINES = 7351","    THERMAL_LINES = 7291","    THERMAL_LINES = 7351"
,"    THERMAL_SAMPLES = 8141","    THERMAL_SAMPLES = 7981","    THERMAL_SAMPLES = 7551"
,"    ORIENTATION = ""NORTH_UP""","    ORIENTATION = ""NORTH_UP""","    ORIENTATION = ""NORTH_UP"""
proj:bbox,"    CORNER_UL_LAT_PRODUCT = 48.42612","    CORNER_UL_LAT_PRODUCT = 48.44764","    CORNER_UL_LAT_PRODUCT = 28.41605"
proj:bbox,"    CORNER_UL_LON_PRODUCT = -125.10335","    CORNER_UL_LON_PRODUCT = -117.30292","    CORNER_UL_LON_PRODUCT = 85.68092"
proj:bbox,"    CORNER_UR_LAT_PRODUCT = 48.43911","    CORNER_UR_LAT_PRODUCT = 48.41066","    CORNER_UR_LAT_PRODUCT = 28.41882"
proj:bbox,"    CORNER_UR_LON_PRODUCT = -121.80205","    CORNER_UR_LON_PRODUCT = -114.06748","    CORNER_UR_LON_PRODUCT = 87.99344"
proj:bbox,"    CORNER_LL_LAT_PRODUCT = 46.44333","    CORNER_LL_LAT_PRODUCT = 46.47980","    CORNER_LL_LAT_PRODUCT = 26.42589"
proj:bbox,"    CORNER_LL_LON_PRODUCT = -125.02576","    CORNER_LL_LON_PRODUCT = -117.29182","    CORNER_LL_LON_PRODUCT = 85.70436"
proj:bbox,"    CORNER_LR_LAT_PRODUCT = 46.45545","    CORNER_LR_LAT_PRODUCT = 46.44526","    CORNER_LR_LAT_PRODUCT = 26.42843"
proj:bbox,"    CORNER_LR_LON_PRODUCT = -121.84627","    CORNER_LR_LON_PRODUCT = -114.17475","    CORNER_LR_LON_PRODUCT = 87.97578"
,"    CORNER_UL_PROJECTION_X_PRODUCT = 344400.000","    CORNER_UL_PROJECTION_X_PRODUCT = 477600.000","    CORNER_UL_PROJECTION_X_PRODUCT = 370800.000"
,"    CORNER_UL_PROJECTION_Y_PRODUCT = 5365800.000","    CORNER_UL_PROJECTION_Y_PRODUCT = 5366100.000","    CORNER_UL_PROJECTION_Y_PRODUCT = 3144000.000"
,"    CORNER_UR_PROJECTION_X_PRODUCT = 588600.000","    CORNER_UR_PROJECTION_X_PRODUCT = 717000.000","    CORNER_UR_PROJECTION_X_PRODUCT = 597300.000"
,"    CORNER_UR_PROJECTION_Y_PRODUCT = 5365800.000","    CORNER_UR_PROJECTION_Y_PRODUCT = 5366100.000","    CORNER_UR_PROJECTION_Y_PRODUCT = 3144000.000"
,"    CORNER_LL_PROJECTION_X_PRODUCT = 344400.000","    CORNER_LL_PROJECTION_X_PRODUCT = 477600.000","    CORNER_LL_PROJECTION_X_PRODUCT = 370800.000"
,"    CORNER_LL_PROJECTION_Y_PRODUCT = 5145300.000","    CORNER_LL_PROJECTION_Y_PRODUCT = 5147400.000","    CORNER_LL_PROJECTION_Y_PRODUCT = 2923500.000"
,"    CORNER_LR_PROJECTION_X_PRODUCT = 588600.000","    CORNER_LR_PROJECTION_X_PRODUCT = 717000.000","    CORNER_LR_PROJECTION_X_PRODUCT = 597300.000"
,"    CORNER_LR_PROJECTION_Y_PRODUCT = 5145300.000","    CORNER_LR_PROJECTION_Y_PRODUCT = 5147400.000","    CORNER_LR_PROJECTION_Y_PRODUCT = 2923500.000"
,"  END_GROUP = PROJECTION_ATTRIBUTES","  END_GROUP = PROJECTION_ATTRIBUTES","  END_GROUP = PROJECTION_ATTRIBUTES"
,"  GROUP = LEVEL2_PROCESSING_RECORD","  GROUP = LEVEL2_PROCESSING_RECORD","  GROUP = LEVEL2_PROCESSING_RECORD"
,"    ORIGIN = ""Image courtesy of the U.S. Geological Survey""","    ORIGIN = ""Image courtesy of the U.S. Geological Survey""","    ORIGIN = ""Image courtesy of the U.S. Geological Survey"""
,"    DIGITAL_OBJECT_IDENTIFIER = ""https://doi.org/10.5066/F7KD1VZ9""","    DIGITAL_OBJECT_IDENTIFIER = ""https://doi.org/10.5066/F7Q52MNK""","    DIGITAL_OBJECT_IDENTIFIER = ""https://doi.org/10.5066/F78S4MZJ"""
,"    REQUEST_ID = ""L29289152""","    REQUEST_ID = ""L29289151""","    REQUEST_ID = ""L29289150"""
,"    LANDSAT_PRODUCT_ID = ""LT05_L2SP_047027_20101006_20190828_02_T1""","    LANDSAT_PRODUCT_ID = ""LE07_L2SP_042027_20050927_20190828_02_T1""","    LANDSAT_PRODUCT_ID = ""LC08_L2SP_140041_20130503_20190828_02_T1"""
,"    PROCESSING_LEVEL = ""L2SP""","    PROCESSING_LEVEL = ""L2SP""","    PROCESSING_LEVEL = ""L2SP"""
,"    OUTPUT_FORMAT = ""GEOTIFF""","    OUTPUT_FORMAT = ""GEOTIFF""","    OUTPUT_FORMAT = ""GEOTIFF"""
created,"    DATE_PRODUCT_GENERATED = 2019-08-28T16:06:47Z","    DATE_PRODUCT_GENERATED = 2019-08-28T16:08:23Z","    DATE_PRODUCT_GENERATED = 2019-08-28T16:04:14Z"
,"    PROCESSING_SOFTWARE_VERSION = ""LPGS_15.2.0""","    PROCESSING_SOFTWARE_VERSION = ""LPGS_15.2.0""","    PROCESSING_SOFTWARE_VERSION = ""LPGS_15.2.0"""
,"    ALGORITHM_SOURCE_SURFACE_REFLECTANCE = ""LEDAPS_3.3.0""","    ALGORITHM_SOURCE_SURFACE_REFLECTANCE = ""LEDAPS_3.3.0""","    ALGORITHM_SOURCE_SURFACE_REFLECTANCE = ""LaSRC_1.4.1"""
,"    DATA_SOURCE_OZONE = ""TOMS""","    DATA_SOURCE_OZONE = ""TOMS""","    DATA_SOURCE_OZONE = ""MODIS"""
,"    DATA_SOURCE_PRESSURE = ""NCEP""","    DATA_SOURCE_PRESSURE = ""NCEP""","    DATA_SOURCE_PRESSURE = ""Calculated"""
,"    DATA_SOURCE_WATER_VAPOR = ""NCEP""","    DATA_SOURCE_WATER_VAPOR = ""NCEP""","    DATA_SOURCE_WATER_VAPOR = ""MODIS"""
,"    DATA_SOURCE_AIR_TEMPERATURE = ""NCEP""","    DATA_SOURCE_AIR_TEMPERATURE = ""NCEP""","    DATA_SOURCE_AIR_TEMPERATURE = ""MODIS"""
,"    ALGORITHM_SOURCE_SURFACE_TEMPERATURE = ""st_1.3.0""","    ALGORITHM_SOURCE_SURFACE_TEMPERATURE = ""st_1.3.0""","    ALGORITHM_SOURCE_SURFACE_TEMPERATURE = ""st_1.3.0"""
,"    DATA_SOURCE_REANALYSIS = ""GEOS-5 FP-IT""","    DATA_SOURCE_REANALYSIS = ""GEOS-5 FP-IT""","    DATA_SOURCE_REANALYSIS = ""GEOS-5 FP-IT"""
,"  END_GROUP = LEVEL2_PROCESSING_RECORD","  END_GROUP = LEVEL2_PROCESSING_RECORD","  END_GROUP = LEVEL2_PROCESSING_RECORD"
,"  GROUP = LEVEL2_SURFACE_REFLECTANCE_PARAMETERS","  GROUP = LEVEL2_SURFACE_REFLECTANCE_PARAMETERS","  GROUP = LEVEL2_SURFACE_REFLECTANCE_PARAMETERS"
,"    REFLECTANCE_MAXIMUM_BAND_1 = 1.602213","    REFLECTANCE_MAXIMUM_BAND_1 = 1.602213","    REFLECTANCE_MAXIMUM_BAND_1 = 1.602213"
,"    REFLECTANCE_MINIMUM_BAND_1 = -0.200000","    REFLECTANCE_MINIMUM_BAND_1 = -0.200000","    REFLECTANCE_MINIMUM_BAND_1 = -0.200000"
,"    REFLECTANCE_MAXIMUM_BAND_2 = 1.602213","    REFLECTANCE_MAXIMUM_BAND_2 = 1.602213","    REFLECTANCE_MAXIMUM_BAND_2 = 1.602213"
,"    REFLECTANCE_MINIMUM_BAND_2 = -0.200000","    REFLECTANCE_MINIMUM_BAND_2 = -0.200000","    REFLECTANCE_MINIMUM_BAND_2 = -0.200000"
,"    REFLECTANCE_MAXIMUM_BAND_3 = 1.602213","    REFLECTANCE_MAXIMUM_BAND_3 = 1.602213","    REFLECTANCE_MAXIMUM_BAND_3 = 1.602213"
,"    REFLECTANCE_MINIMUM_BAND_3 = -0.200000","    REFLECTANCE_MINIMUM_BAND_3 = -0.200000","    REFLECTANCE_MINIMUM_BAND_3 = -0.200000"
,"    REFLECTANCE_MAXIMUM_BAND_4 = 1.602213","    REFLECTANCE_MAXIMUM_BAND_4 = 1.602213","    REFLECTANCE_MAXIMUM_BAND_4 = 1.602213"
,"    REFLECTANCE_MINIMUM_BAND_4 = -0.200000","    REFLECTANCE_MINIMUM_BAND_4 = -0.200000","    REFLECTANCE_MINIMUM_BAND_4 = -0.200000"
,"    REFLECTANCE_MAXIMUM_BAND_5 = 1.602213","    REFLECTANCE_MAXIMUM_BAND_5 = 1.602213","    REFLECTANCE_MAXIMUM_BAND_5 = 1.602213"
,"    REFLECTANCE_MINIMUM_BAND_5 = -0.200000","    REFLECTANCE_MINIMUM_BAND_5 = -0.200000","    REFLECTANCE_MINIMUM_BAND_5 = -0.200000"
,,,"    REFLECTANCE_MAXIMUM_BAND_6 = 1.602213"
,,,"    REFLECTANCE_MINIMUM_BAND_6 = -0.200000"
,"    REFLECTANCE_MAXIMUM_BAND_7 = 1.602213","    REFLECTANCE_MAXIMUM_BAND_7 = 1.602213","    REFLECTANCE_MAXIMUM_BAND_7 = 1.602213"
,"    REFLECTANCE_MINIMUM_BAND_7 = -0.200000","    REFLECTANCE_MINIMUM_BAND_7 = -0.200000","    REFLECTANCE_MINIMUM_BAND_7 = -0.200000"
,"    QUANTIZE_CAL_MAX_BAND_1 = 65535","    QUANTIZE_CAL_MAX_BAND_1 = 65535","    QUANTIZE_CAL_MAX_BAND_1 = 65535"
,"    QUANTIZE_CAL_MIN_BAND_1 = 0","    QUANTIZE_CAL_MIN_BAND_1 = 0","    QUANTIZE_CAL_MIN_BAND_1 = 0"
,"    QUANTIZE_CAL_MAX_BAND_2 = 65535","    QUANTIZE_CAL_MAX_BAND_2 = 65535","    QUANTIZE_CAL_MAX_BAND_2 = 65535"
,"    QUANTIZE_CAL_MIN_BAND_2 = 0","    QUANTIZE_CAL_MIN_BAND_2 = 0","    QUANTIZE_CAL_MIN_BAND_2 = 0"
,"    QUANTIZE_CAL_MAX_BAND_3 = 65535","    QUANTIZE_CAL_MAX_BAND_3 = 65535","    QUANTIZE_CAL_MAX_BAND_3 = 65535"
,"    QUANTIZE_CAL_MIN_BAND_3 = 0","    QUANTIZE_CAL_MIN_BAND_3 = 0","    QUANTIZE_CAL_MIN_BAND_3 = 0"
,"    QUANTIZE_CAL_MAX_BAND_4 = 65535","    QUANTIZE_CAL_MAX_BAND_4 = 65535","    QUANTIZE_CAL_MAX_BAND_4 = 65535"
,"    QUANTIZE_CAL_MIN_BAND_4 = 0","    QUANTIZE_CAL_MIN_BAND_4 = 0","    QUANTIZE_CAL_MIN_BAND_4 = 0"
,"    QUANTIZE_CAL_MAX_BAND_5 = 65535","    QUANTIZE_CAL_MAX_BAND_5 = 65535","    QUANTIZE_CAL_MAX_BAND_5 = 65535"
,"    QUANTIZE_CAL_MIN_BAND_5 = 0","    QUANTIZE_CAL_MIN_BAND_5 = 0","    QUANTIZE_CAL_MIN_BAND_5 = 0"
,,,"    QUANTIZE_CAL_MAX_BAND_6 = 65535"
,,,"    QUANTIZE_CAL_MIN_BAND_6 = 0"
,"    QUANTIZE_CAL_MAX_BAND_7 = 65535","    QUANTIZE_CAL_MAX_BAND_7 = 65535","    QUANTIZE_CAL_MAX_BAND_7 = 65535"
,"    QUANTIZE_CAL_MIN_BAND_7 = 0","    QUANTIZE_CAL_MIN_BAND_7 = 0","    QUANTIZE_CAL_MIN_BAND_7 = 0"
,"    REFLECTANCE_MULT_BAND_1 = 2.75e-05","    REFLECTANCE_MULT_BAND_1 = 2.75e-05","    REFLECTANCE_MULT_BAND_1 = 2.75e-05"
,"    REFLECTANCE_MULT_BAND_2 = 2.75e-05","    REFLECTANCE_MULT_BAND_2 = 2.75e-05","    REFLECTANCE_MULT_BAND_2 = 2.75e-05"
,"    REFLECTANCE_MULT_BAND_3 = 2.75e-05","    REFLECTANCE_MULT_BAND_3 = 2.75e-05","    REFLECTANCE_MULT_BAND_3 = 2.75e-05"
,"    REFLECTANCE_MULT_BAND_4 = 2.75e-05","    REFLECTANCE_MULT_BAND_4 = 2.75e-05","    REFLECTANCE_MULT_BAND_4 = 2.75e-05"
,"    REFLECTANCE_MULT_BAND_5 = 2.75e-05","    REFLECTANCE_MULT_BAND_5 = 2.75e-05","    REFLECTANCE_MULT_BAND_5 = 2.75e-05"
,,,"    REFLECTANCE_MULT_BAND_6 = 2.75e-05"
,"    REFLECTANCE_MULT_BAND_7 = 2.75e-05","    REFLECTANCE_MULT_BAND_7 = 2.75e-05","    REFLECTANCE_MULT_BAND_7 = 2.75e-05"
,"    REFLECTANCE_ADD_BAND_1 = -0.2","    REFLECTANCE_ADD_BAND_1 = -0.2","    REFLECTANCE_ADD_BAND_1 = -0.2"
,"    REFLECTANCE_ADD_BAND_2 = -0.2","    REFLECTANCE_ADD_BAND_2 = -0.2","    REFLECTANCE_ADD_BAND_2 = -0.2"
,"    REFLECTANCE_ADD_BAND_3 = -0.2","    REFLECTANCE_ADD_BAND_3 = -0.2","    REFLECTANCE_ADD_BAND_3 = -0.2"
,"    REFLECTANCE_ADD_BAND_4 = -0.2","    REFLECTANCE_ADD_BAND_4 = -0.2","    REFLECTANCE_ADD_BAND_4 = -0.2"
,"    REFLECTANCE_ADD_BAND_5 = -0.2","    REFLECTANCE_ADD_BAND_5 = -0.2","    REFLECTANCE_ADD_BAND_5 = -0.2"
,,,"    REFLECTANCE_ADD_BAND_6 = -0.2"
,"    REFLECTANCE_ADD_BAND_7 = -0.2","    REFLECTANCE_ADD_BAND_7 = -0.2","    REFLECTANCE_ADD_BAND_7 = -0.2"
,"  END_GROUP = LEVEL2_SURFACE_REFLECTANCE_PARAMETERS","  END_GROUP = LEVEL2_SURFACE_REFLECTANCE_PARAMETERS","  END_GROUP = LEVEL2_SURFACE_REFLECTANCE_PARAMETERS"
,"  GROUP = LEVEL2_SURFACE_TEMPERATURE_PARAMETERS","  GROUP = LEVEL2_SURFACE_TEMPERATURE_PARAMETERS","  GROUP = LEVEL2_SURFACE_TEMPERATURE_PARAMETERS"
,"    TEMPERATURE_MAXIMUM_BAND_ST_B6 = 372.999941",,
,"    TEMPERATURE_MINIMUM_BAND_ST_B6 = 149.000000",,
,"    QUANTIZE_CAL_MAXIMUM_BAND_ST_B6 = 65535",,
,"    QUANTIZE_CAL_MINIMUM_BAND_ST_B6 = 0",,
,"    TEMPERATURE_MULT_BAND_ST_B6 = 0.00341802",,
,"    TEMPERATURE_ADD_BAND_ST_B6 = 149.0",,
,,"    TEMPERATURE_MAXIMUM_BAND_ST_B6_VCID_1 = 372.999941",
,,"    TEMPERATURE_MINIMUM_BAND_ST_B6_VCID_1 = 149.000000",
,,"    QUANTIZE_CAL_MAXIMUM_BAND_ST_B6_VCID_1 = 65535",
,,"    QUANTIZE_CAL_MINIMUM_BAND_ST_B6_VCID_1 = 0",
,,"    TEMPERATURE_MULT_BAND_ST_B6_VCID_1 = 0.00341802",
,,"    TEMPERATURE_ADD_BAND_ST_B6_VCID_1 = 149.0",
,,,"    TEMPERATURE_MAXIMUM_BAND_ST_B10 = 372.999941"
,,,"    TEMPERATURE_MINIMUM_BAND_ST_B10 = 149.000000"
,,,"    QUANTIZE_CAL_MAXIMUM_BAND_ST_B10 = 65535"
,,,"    QUANTIZE_CAL_MINIMUM_BAND_ST_B10 = 0"
,,,"    TEMPERATURE_MULT_BAND_ST_B10 = 0.00341802"
,,,"    TEMPERATURE_ADD_BAND_ST_B10 = 149.0"
,"  END_GROUP = LEVEL2_SURFACE_TEMPERATURE_PARAMETERS","  END_GROUP = LEVEL2_SURFACE_TEMPERATURE_PARAMETERS","  END_GROUP = LEVEL2_SURFACE_TEMPERATURE_PARAMETERS"
,"  GROUP = LEVEL1_PROCESSING_RECORD","  GROUP = LEVEL1_PROCESSING_RECORD","  GROUP = LEVEL1_PROCESSING_RECORD"
,"    ORIGIN = ""Image courtesy of the U.S. Geological Survey""","    ORIGIN = ""Image courtesy of the U.S. Geological Survey""","    ORIGIN = ""Image courtesy of the U.S. Geological Survey"""
,"    DIGITAL_OBJECT_IDENTIFIER = ""https://doi.org/10.5066/F7N015TQ""","    DIGITAL_OBJECT_IDENTIFIER = ""https://doi.org/10.5066/F7WH2P8G""","    DIGITAL_OBJECT_IDENTIFIER = ""https://doi.org/10.5066/F71835S6"""
,"    REQUEST_ID = ""L29289152""","    REQUEST_ID = ""L29289151""","    REQUEST_ID = ""L29289150"""
,"    LANDSAT_SCENE_ID = ""LT50470272010279PAC01""","    LANDSAT_SCENE_ID = ""LE70420272005270EDC00""","    LANDSAT_SCENE_ID = ""LC81400412013123LGN02"""
,"    LANDSAT_PRODUCT_ID = ""LT05_L1TP_047027_20101006_20190828_02_T1""","    LANDSAT_PRODUCT_ID = ""LE07_L1TP_042027_20050927_20190828_02_T1""","    LANDSAT_PRODUCT_ID = ""LC08_L1TP_140041_20130503_20190828_02_T1"""
,"    PROCESSING_LEVEL = ""L1TP""","    PROCESSING_LEVEL = ""L1TP""","    PROCESSING_LEVEL = ""L1TP"""
,"    COLLECTION_CATEGORY = ""T1""","    COLLECTION_CATEGORY = ""T1""","    COLLECTION_CATEGORY = ""T1"""
,"    OUTPUT_FORMAT = ""GEOTIFF""","    OUTPUT_FORMAT = ""GEOTIFF""","    OUTPUT_FORMAT = ""GEOTIFF"""
,"    DATE_PRODUCT_GENERATED = 2019-08-28T15:58:36Z","    DATE_PRODUCT_GENERATED = 2019-08-28T16:00:39Z","    DATE_PRODUCT_GENERATED = 2019-08-28T15:57:15Z"
,"    PROCESSING_SOFTWARE_VERSION = ""LPGS_15.2.0""","    PROCESSING_SOFTWARE_VERSION = ""LPGS_15.2.0""","    PROCESSING_SOFTWARE_VERSION = ""LPGS_15.2.0"""
,"    FILE_NAME_BAND_1 = ""LT05_L1TP_047027_20101006_20190828_02_T1_B1.TIF""","    FILE_NAME_BAND_1 = ""LE07_L1TP_042027_20050927_20190828_02_T1_B1.TIF""","    FILE_NAME_BAND_1 = ""LC08_L1TP_140041_20130503_20190828_02_T1_B1.TIF"""
,"    FILE_NAME_BAND_2 = ""LT05_L1TP_047027_20101006_20190828_02_T1_B2.TIF""","    FILE_NAME_BAND_2 = ""LE07_L1TP_042027_20050927_20190828_02_T1_B2.TIF""","    FILE_NAME_BAND_2 = ""LC08_L1TP_140041_20130503_20190828_02_T1_B2.TIF"""
,"    FILE_NAME_BAND_3 = ""LT05_L1TP_047027_20101006_20190828_02_T1_B3.TIF""","    FILE_NAME_BAND_3 = ""LE07_L1TP_042027_20050927_20190828_02_T1_B3.TIF""","    FILE_NAME_BAND_3 = ""LC08_L1TP_140041_20130503_20190828_02_T1_B3.TIF"""
,"    FILE_NAME_BAND_4 = ""LT05_L1TP_047027_20101006_20190828_02_T1_B4.TIF""","    FILE_NAME_BAND_4 = ""LE07_L1TP_042027_20050927_20190828_02_T1_B4.TIF""","    FILE_NAME_BAND_4 = ""LC08_L1TP_140041_20130503_20190828_02_T1_B4.TIF"""
,"    FILE_NAME_BAND_5 = ""LT05_L1TP_047027_20101006_20190828_02_T1_B5.TIF""","    FILE_NAME_BAND_5 = ""LE07_L1TP_042027_20050927_20190828_02_T1_B5.TIF""","    FILE_NAME_BAND_5 = ""LC08_L1TP_140041_20130503_20190828_02_T1_B5.TIF"""
,"    FILE_NAME_BAND_6 = ""LT05_L1TP_047027_20101006_20190828_02_T1_B6.TIF""",,"    FILE_NAME_BAND_6 = ""LC08_L1TP_140041_20130503_20190828_02_T1_B6.TIF"""
,,"    FILE_NAME_BAND_6_VCID_1 = ""LE07_L1TP_042027_20050927_20190828_02_T1_B6_VCID_1.TIF""",
,,"    FILE_NAME_BAND_6_VCID_2 = ""LE07_L1TP_042027_20050927_20190828_02_T1_B6_VCID_2.TIF""",
,"    FILE_NAME_BAND_7 = ""LT05_L1TP_047027_20101006_20190828_02_T1_B7.TIF""","    FILE_NAME_BAND_7 = ""LE07_L1TP_042027_20050927_20190828_02_T1_B7.TIF""","    FILE_NAME_BAND_7 = ""LC08_L1TP_140041_20130503_20190828_02_T1_B7.TIF"""
,,"    FILE_NAME_BAND_8 = ""LE07_L1TP_042027_20050927_20190828_02_T1_B8.TIF""","    FILE_NAME_BAND_8 = ""LC08_L1TP_140041_20130503_20190828_02_T1_B8.TIF"""
,,,"    FILE_NAME_BAND_9 = ""LC08_L1TP_140041_20130503_20190828_02_T1_B9.TIF"""
,,,"    FILE_NAME_BAND_10 = ""LC08_L1TP_140041_20130503_20190828_02_T1_B10.TIF"""
,,,"    FILE_NAME_BAND_11 = ""LC08_L1TP_140041_20130503_20190828_02_T1_B11.TIF"""
,"    FILE_NAME_QUALITY_L1_PIXEL = ""LT05_L1TP_047027_20101006_20190828_02_T1_QA_PIXEL.TIF""","    FILE_NAME_QUALITY_L1_PIXEL = ""LE07_L1TP_042027_20050927_20190828_02_T1_QA_PIXEL.TIF""","    FILE_NAME_QUALITY_L1_PIXEL = ""LC08_L1TP_140041_20130503_20190828_02_T1_QA_PIXEL.TIF"""
,"    FILE_NAME_QUALITY_L1_RADIOMETRIC_SATURATION = ""LT05_L1TP_047027_20101006_20190828_02_T1_QA_RADSAT.TIF""","    FILE_NAME_QUALITY_L1_RADIOMETRIC_SATURATION = ""LE07_L1TP_042027_20050927_20190828_02_T1_QA_RADSAT.TIF""","    FILE_NAME_QUALITY_L1_RADIOMETRIC_SATURATION = ""LC08_L1TP_140041_20130503_20190828_02_T1_QA_RADSAT.TIF"""
,"    FILE_NAME_GROUND_CONTROL_POINT = ""LT05_L1TP_047027_20101006_20190828_02_T1_GCP.txt""","    FILE_NAME_GROUND_CONTROL_POINT = ""LE07_L1TP_042027_20050927_20190828_02_T1_GCP.txt""",
,"    FILE_NAME_ANGLE_COEFFICIENT = ""LT05_L1TP_047027_20101006_20190828_02_T1_ANG.txt""","    FILE_NAME_ANGLE_COEFFICIENT = ""LE07_L1TP_042027_20050927_20190828_02_T1_ANG.txt""","    FILE_NAME_ANGLE_COEFFICIENT = ""LC08_L1TP_140041_20130503_20190828_02_T1_ANG.txt"""
,"    FILE_NAME_ANGLE_SENSOR_AZIMUTH_BAND_4 = ""LT05_L1TP_047027_20101006_20190828_02_T1_VAA.TIF""","    FILE_NAME_ANGLE_SENSOR_AZIMUTH_BAND_4 = ""LE07_L1TP_042027_20050927_20190828_02_T1_VAA.TIF""","    FILE_NAME_ANGLE_SENSOR_AZIMUTH_BAND_4 = ""LC08_L1TP_140041_20130503_20190828_02_T1_VAA.TIF"""
,"    FILE_NAME_ANGLE_SENSOR_ZENITH_BAND_4 = ""LT05_L1TP_047027_20101006_20190828_02_T1_VZA.TIF""","    FILE_NAME_ANGLE_SENSOR_ZENITH_BAND_4 = ""LE07_L1TP_042027_20050927_20190828_02_T1_VZA.TIF""","    FILE_NAME_ANGLE_SENSOR_ZENITH_BAND_4 = ""LC08_L1TP_140041_20130503_20190828_02_T1_VZA.TIF"""
,"    FILE_NAME_ANGLE_SOLAR_AZIMUTH_BAND_4 = ""LT05_L1TP_047027_20101006_20190828_02_T1_SAA.TIF""","    FILE_NAME_ANGLE_SOLAR_AZIMUTH_BAND_4 = ""LE07_L1TP_042027_20050927_20190828_02_T1_SAA.TIF""","    FILE_NAME_ANGLE_SOLAR_AZIMUTH_BAND_4 = ""LC08_L1TP_140041_20130503_20190828_02_T1_SAA.TIF"""
,"    FILE_NAME_ANGLE_SOLAR_ZENITH_BAND_4 = ""LT05_L1TP_047027_20101006_20190828_02_T1_SZA.TIF""","    FILE_NAME_ANGLE_SOLAR_ZENITH_BAND_4 = ""LE07_L1TP_042027_20050927_20190828_02_T1_SZA.TIF""","    FILE_NAME_ANGLE_SOLAR_ZENITH_BAND_4 = ""LC08_L1TP_140041_20130503_20190828_02_T1_SZA.TIF"""
,"    FILE_NAME_METADATA_ODL = ""LT05_L1TP_047027_20101006_20190828_02_T1_MTL.txt""","    FILE_NAME_METADATA_ODL = ""LE07_L1TP_042027_20050927_20190828_02_T1_MTL.txt""","    FILE_NAME_METADATA_ODL = ""LC08_L1TP_140041_20130503_20190828_02_T1_MTL.txt"""
,"    FILE_NAME_METADATA_XML = ""LT05_L1TP_047027_20101006_20190828_02_T1_MTL.xml""","    FILE_NAME_METADATA_XML = ""LE07_L1TP_042027_20050927_20190828_02_T1_MTL.xml""","    FILE_NAME_METADATA_XML = ""LC08_L1TP_140041_20130503_20190828_02_T1_MTL.xml"""
,"    FILE_NAME_CPF = ""LT05CPF_20101001_20101231_02.03""","    FILE_NAME_CPF = ""LE07CPF_20050701_20050930_02.02""","    FILE_NAME_CPF = ""LC08CPF_20130401_20130627_02.01"""
,,,"    FILE_NAME_BPF_OLI = ""LO8BPF20130503042635_20130503044740.01"""
,,,"    FILE_NAME_BPF_TIRS = ""LT8BPF20130503040455_20130503044832.01"""
,,,"    FILE_NAME_RLUT = ""LC08RLUT_20130211_20150302_02_11.h5"""
,,,"    DATA_SOURCE_TIRS_STRAY_LIGHT_CORRECTION = ""TIRS"""
,"    FILE_NAME_VERIFY_REPORT = ""LT05_L1TP_047027_20101006_20190828_02_T1_VER.txt""",,
,"    FILE_NAME_VERIFY_BROWSE = ""LT05_L1TP_047027_20101006_20190828_02_T1_VER.jpg""",,
,"    DATA_SOURCE_ELEVATION = ""GLS2000""","    DATA_SOURCE_ELEVATION = ""GLS2000""","    DATA_SOURCE_ELEVATION = ""GLS2000"""
,"    GROUND_CONTROL_POINTS_VERSION = 4","    GROUND_CONTROL_POINTS_VERSION = 4","    GROUND_CONTROL_POINTS_VERSION = 4"
,"    GROUND_CONTROL_POINTS_MODEL = 747","    GROUND_CONTROL_POINTS_MODEL = 586","    GROUND_CONTROL_POINTS_MODEL = 331"
,"    GEOMETRIC_RMSE_MODEL = 4.566","    GEOMETRIC_RMSE_MODEL = 4.320","    GEOMETRIC_RMSE_MODEL = 8.493"
,"    GEOMETRIC_RMSE_MODEL_Y = 3.226","    GEOMETRIC_RMSE_MODEL_Y = 3.233","    GEOMETRIC_RMSE_MODEL_Y = 6.911"
,"    GEOMETRIC_RMSE_MODEL_X = 3.232","    GEOMETRIC_RMSE_MODEL_X = 2.865","    GEOMETRIC_RMSE_MODEL_X = 4.936"
,"    GROUND_CONTROL_POINTS_VERIFY = 1788",Missing?,"    GROUND_CONTROL_POINTS_VERIFY = 119"
,"    GEOMETRIC_RMSE_VERIFY = 0.234",Missing?,"    GEOMETRIC_RMSE_VERIFY = 6.558"
,"    GEOMETRIC_RMSE_VERIFY_QUAD_UL = 0.297",Unique to MSS?,
,"    GEOMETRIC_RMSE_VERIFY_QUAD_UR = 0.222",Unique to MSS?,
,"    GEOMETRIC_RMSE_VERIFY_QUAD_LL = 0.236",Unique to MSS?,
,"    GEOMETRIC_RMSE_VERIFY_QUAD_LR = 0.175",Unique to MSS?,
,"    EPHEMERIS_TYPE = ""DEFINITIVE""","    EPHEMERIS_TYPE = ""DEFINITIVE""",
,"  END_GROUP = LEVEL1_PROCESSING_RECORD","  END_GROUP = LEVEL1_PROCESSING_RECORD","  END_GROUP = LEVEL1_PROCESSING_RECORD"
,"  GROUP = LEVEL1_MIN_MAX_RADIANCE","  GROUP = LEVEL1_MIN_MAX_RADIANCE","  GROUP = LEVEL1_MIN_MAX_RADIANCE"
,"    RADIANCE_MAXIMUM_BAND_1 = 193.000","    RADIANCE_MAXIMUM_BAND_1 = 191.600","    RADIANCE_MAXIMUM_BAND_1 = 747.90613"
,"    RADIANCE_MINIMUM_BAND_1 = -1.520","    RADIANCE_MINIMUM_BAND_1 = -6.200","    RADIANCE_MINIMUM_BAND_1 = -61.76233"
,"    RADIANCE_MAXIMUM_BAND_2 = 365.000","    RADIANCE_MAXIMUM_BAND_2 = 196.500","    RADIANCE_MAXIMUM_BAND_2 = 765.86499"
,"    RADIANCE_MINIMUM_BAND_2 = -2.840","    RADIANCE_MINIMUM_BAND_2 = -6.400","    RADIANCE_MINIMUM_BAND_2 = -63.24538"
,"    RADIANCE_MAXIMUM_BAND_3 = 264.000","    RADIANCE_MAXIMUM_BAND_3 = 152.900","    RADIANCE_MAXIMUM_BAND_3 = 705.73804"
,"    RADIANCE_MINIMUM_BAND_3 = -1.170","    RADIANCE_MINIMUM_BAND_3 = -5.000","    RADIANCE_MINIMUM_BAND_3 = -58.28008"
,"    RADIANCE_MAXIMUM_BAND_4 = 221.000","    RADIANCE_MAXIMUM_BAND_4 = 241.100","    RADIANCE_MAXIMUM_BAND_4 = 595.11810"
,"    RADIANCE_MINIMUM_BAND_4 = -1.510","    RADIANCE_MINIMUM_BAND_4 = -5.100","    RADIANCE_MINIMUM_BAND_4 = -49.14505"
,"    RADIANCE_MAXIMUM_BAND_5 = 30.200","    RADIANCE_MAXIMUM_BAND_5 = 31.060","    RADIANCE_MAXIMUM_BAND_5 = 364.18259"
,"    RADIANCE_MINIMUM_BAND_5 = -0.370","    RADIANCE_MINIMUM_BAND_5 = -1.000","    RADIANCE_MINIMUM_BAND_5 = -30.07432"
,"    RADIANCE_MAXIMUM_BAND_6 = 15.303",,"    RADIANCE_MAXIMUM_BAND_6 = 90.56890"
,"    RADIANCE_MINIMUM_BAND_6 = 1.238",,"    RADIANCE_MINIMUM_BAND_6 = -7.47921"
,,"    RADIANCE_MAXIMUM_BAND_6_VCID_1 = 17.040",
,,"    RADIANCE_MINIMUM_BAND_6_VCID_1 = 0.000",
,,"    RADIANCE_MAXIMUM_BAND_6_VCID_2 = 12.650",
,,"    RADIANCE_MINIMUM_BAND_6_VCID_2 = 3.200",
,"    RADIANCE_MAXIMUM_BAND_7 = 16.500","    RADIANCE_MAXIMUM_BAND_7 = 10.800","    RADIANCE_MAXIMUM_BAND_7 = 30.52657"
,"    RADIANCE_MINIMUM_BAND_7 = -0.150","    RADIANCE_MINIMUM_BAND_7 = -0.350","    RADIANCE_MINIMUM_BAND_7 = -2.52089"
,,"    RADIANCE_MAXIMUM_BAND_8 = 243.100","    RADIANCE_MAXIMUM_BAND_8 = 673.50989"
,,"    RADIANCE_MINIMUM_BAND_8 = -4.700","    RADIANCE_MINIMUM_BAND_8 = -55.61867"
,,,"    RADIANCE_MAXIMUM_BAND_9 = 142.33081"
,,,"    RADIANCE_MINIMUM_BAND_9 = -11.75373"
,,,"    RADIANCE_MAXIMUM_BAND_10 = 22.00180"
,,,"    RADIANCE_MINIMUM_BAND_10 = 0.10033"
,,,"    RADIANCE_MAXIMUM_BAND_11 = 22.00180"
,,,"    RADIANCE_MINIMUM_BAND_11 = 0.10033"
,"  END_GROUP = LEVEL1_MIN_MAX_RADIANCE","  END_GROUP = LEVEL1_MIN_MAX_RADIANCE","  END_GROUP = LEVEL1_MIN_MAX_RADIANCE"
,"  GROUP = LEVEL1_MIN_MAX_REFLECTANCE","  GROUP = LEVEL1_MIN_MAX_REFLECTANCE","  GROUP = LEVEL1_MIN_MAX_REFLECTANCE"
,"    REFLECTANCE_MAXIMUM_BAND_1 = 0.311677","    REFLECTANCE_MAXIMUM_BAND_1 = 0.296910","    REFLECTANCE_MAXIMUM_BAND_1 = 1.210700"
,"    REFLECTANCE_MINIMUM_BAND_1 = -0.002455","    REFLECTANCE_MINIMUM_BAND_1 = -0.009608","    REFLECTANCE_MINIMUM_BAND_1 = -0.099980"
,"    REFLECTANCE_MAXIMUM_BAND_2 = 0.651434","    REFLECTANCE_MAXIMUM_BAND_2 = 0.334034","    REFLECTANCE_MAXIMUM_BAND_2 = 1.210700"
,"    REFLECTANCE_MINIMUM_BAND_2 = -0.005069","    REFLECTANCE_MINIMUM_BAND_2 = -0.010879","    REFLECTANCE_MINIMUM_BAND_2 = -0.099980"
,"    REFLECTANCE_MAXIMUM_BAND_3 = 0.556239","    REFLECTANCE_MAXIMUM_BAND_3 = 0.316333","    REFLECTANCE_MAXIMUM_BAND_3 = 1.210700"
,"    REFLECTANCE_MINIMUM_BAND_3 = -0.002465","    REFLECTANCE_MINIMUM_BAND_3 = -0.010344","    REFLECTANCE_MINIMUM_BAND_3 = -0.099980"
,"    REFLECTANCE_MAXIMUM_BAND_4 = 0.671638","    REFLECTANCE_MAXIMUM_BAND_4 = 0.710255","    REFLECTANCE_MAXIMUM_BAND_4 = 1.210700"
,"    REFLECTANCE_MINIMUM_BAND_4 = -0.004589","    REFLECTANCE_MINIMUM_BAND_4 = -0.015024","    REFLECTANCE_MINIMUM_BAND_4 = -0.099980"
,"    REFLECTANCE_MAXIMUM_BAND_5 = 0.452334","    REFLECTANCE_MAXIMUM_BAND_5 = 0.442220","    REFLECTANCE_MAXIMUM_BAND_5 = 1.210700"
,"    REFLECTANCE_MINIMUM_BAND_5 = -0.005542","    REFLECTANCE_MINIMUM_BAND_5 = -0.014238","    REFLECTANCE_MINIMUM_BAND_5 = -0.099980"
,,,"    REFLECTANCE_MAXIMUM_BAND_6 = 1.210700"
,,,"    REFLECTANCE_MINIMUM_BAND_6 = -0.099980"
,"    REFLECTANCE_MAXIMUM_BAND_7 = 0.629861","    REFLECTANCE_MAXIMUM_BAND_7 = 0.418812","    REFLECTANCE_MAXIMUM_BAND_7 = 1.210700"
,"    REFLECTANCE_MINIMUM_BAND_7 = -0.005726","    REFLECTANCE_MINIMUM_BAND_7 = -0.013573","    REFLECTANCE_MINIMUM_BAND_7 = -0.099980"
,,"    REFLECTANCE_MAXIMUM_BAND_8 = 0.581496","    REFLECTANCE_MAXIMUM_BAND_8 = 1.210700"
,,"    REFLECTANCE_MINIMUM_BAND_8 = -0.011242","    REFLECTANCE_MINIMUM_BAND_8 = -0.099980"
,,,"    REFLECTANCE_MAXIMUM_BAND_9 = 1.210700"
,,,"    REFLECTANCE_MINIMUM_BAND_9 = -0.099980"
,"  END_GROUP = LEVEL1_MIN_MAX_REFLECTANCE","  END_GROUP = LEVEL1_MIN_MAX_REFLECTANCE","  END_GROUP = LEVEL1_MIN_MAX_REFLECTANCE"
,"  GROUP = LEVEL1_MIN_MAX_PIXEL_VALUE","  GROUP = LEVEL1_MIN_MAX_PIXEL_VALUE","  GROUP = LEVEL1_MIN_MAX_PIXEL_VALUE"
,"    QUANTIZE_CAL_MAX_BAND_1 = 255","    QUANTIZE_CAL_MAX_BAND_1 = 255","    QUANTIZE_CAL_MAX_BAND_1 = 65535"
,"    QUANTIZE_CAL_MIN_BAND_1 = 1","    QUANTIZE_CAL_MIN_BAND_1 = 1","    QUANTIZE_CAL_MIN_BAND_1 = 1"
,"    QUANTIZE_CAL_MAX_BAND_2 = 255","    QUANTIZE_CAL_MAX_BAND_2 = 255","    QUANTIZE_CAL_MAX_BAND_2 = 65535"
,"    QUANTIZE_CAL_MIN_BAND_2 = 1","    QUANTIZE_CAL_MIN_BAND_2 = 1","    QUANTIZE_CAL_MIN_BAND_2 = 1"
,"    QUANTIZE_CAL_MAX_BAND_3 = 255","    QUANTIZE_CAL_MAX_BAND_3 = 255","    QUANTIZE_CAL_MAX_BAND_3 = 65535"
,"    QUANTIZE_CAL_MIN_BAND_3 = 1","    QUANTIZE_CAL_MIN_BAND_3 = 1","    QUANTIZE_CAL_MIN_BAND_3 = 1"
,"    QUANTIZE_CAL_MAX_BAND_4 = 255","    QUANTIZE_CAL_MAX_BAND_4 = 255","    QUANTIZE_CAL_MAX_BAND_4 = 65535"
,"    QUANTIZE_CAL_MIN_BAND_4 = 1","    QUANTIZE_CAL_MIN_BAND_4 = 1","    QUANTIZE_CAL_MIN_BAND_4 = 1"
,"    QUANTIZE_CAL_MAX_BAND_5 = 255","    QUANTIZE_CAL_MAX_BAND_5 = 255","    QUANTIZE_CAL_MAX_BAND_5 = 65535"
,"    QUANTIZE_CAL_MIN_BAND_5 = 1","    QUANTIZE_CAL_MIN_BAND_5 = 1","    QUANTIZE_CAL_MIN_BAND_5 = 1"
,"    QUANTIZE_CAL_MAX_BAND_6 = 255",,"    QUANTIZE_CAL_MAX_BAND_6 = 65535"
,"    QUANTIZE_CAL_MIN_BAND_6 = 1",,"    QUANTIZE_CAL_MIN_BAND_6 = 1"
,,"    QUANTIZE_CAL_MAX_BAND_6_VCID_1 = 255",
,,"    QUANTIZE_CAL_MIN_BAND_6_VCID_1 = 1",
,,"    QUANTIZE_CAL_MAX_BAND_6_VCID_2 = 255",
,,"    QUANTIZE_CAL_MIN_BAND_6_VCID_2 = 1",
,"    QUANTIZE_CAL_MAX_BAND_7 = 255","    QUANTIZE_CAL_MAX_BAND_7 = 255","    QUANTIZE_CAL_MAX_BAND_7 = 65535"
,"    QUANTIZE_CAL_MIN_BAND_7 = 1","    QUANTIZE_CAL_MIN_BAND_7 = 1","    QUANTIZE_CAL_MIN_BAND_7 = 1"
,,"    QUANTIZE_CAL_MAX_BAND_8 = 255","    QUANTIZE_CAL_MAX_BAND_8 = 65535"
,,"    QUANTIZE_CAL_MIN_BAND_8 = 1","    QUANTIZE_CAL_MIN_BAND_8 = 1"
,,,"    QUANTIZE_CAL_MAX_BAND_9 = 65535"
,,,"    QUANTIZE_CAL_MIN_BAND_9 = 1"
,,,"    QUANTIZE_CAL_MAX_BAND_10 = 65535"
,,,"    QUANTIZE_CAL_MIN_BAND_10 = 1"
,,,"    QUANTIZE_CAL_MAX_BAND_11 = 65535"
,,,"    QUANTIZE_CAL_MIN_BAND_11 = 1"
,"  END_GROUP = LEVEL1_MIN_MAX_PIXEL_VALUE","  END_GROUP = LEVEL1_MIN_MAX_PIXEL_VALUE","  END_GROUP = LEVEL1_MIN_MAX_PIXEL_VALUE"
,"  GROUP = LEVEL1_RADIOMETRIC_RESCALING","  GROUP = LEVEL1_RADIOMETRIC_RESCALING","  GROUP = LEVEL1_RADIOMETRIC_RESCALING"
,"    RADIANCE_MULT_BAND_1 = 7.6583E-01","    RADIANCE_MULT_BAND_1 = 7.7874E-01","    RADIANCE_MULT_BAND_1 = 1.2355E-02"
,"    RADIANCE_MULT_BAND_2 = 1.4482E+00","    RADIANCE_MULT_BAND_2 = 7.9882E-01","    RADIANCE_MULT_BAND_2 = 1.2652E-02"
,"    RADIANCE_MULT_BAND_3 = 1.0440E+00","    RADIANCE_MULT_BAND_3 = 6.2165E-01","    RADIANCE_MULT_BAND_3 = 1.1658E-02"
,"    RADIANCE_MULT_BAND_4 = 8.7602E-01","    RADIANCE_MULT_BAND_4 = 9.6929E-01","    RADIANCE_MULT_BAND_4 = 9.8310E-03"
,"    RADIANCE_MULT_BAND_5 = 1.2035E-01","    RADIANCE_MULT_BAND_5 = 1.2622E-01","    RADIANCE_MULT_BAND_5 = 6.0161E-03"
,"    RADIANCE_MULT_BAND_6 = 5.5375E-02",,"    RADIANCE_MULT_BAND_6 = 1.4961E-03"
,,"    RADIANCE_MULT_BAND_6_VCID_1 = 6.7087E-02",
,,"    RADIANCE_MULT_BAND_6_VCID_2 = 3.7205E-02",
,"    RADIANCE_MULT_BAND_7 = 6.5551E-02","    RADIANCE_MULT_BAND_7 = 4.3898E-02","    RADIANCE_MULT_BAND_7 = 5.0428E-04"
,,"    RADIANCE_MULT_BAND_8 = 9.7559E-01","    RADIANCE_MULT_BAND_8 = 1.1126E-02"
,,,"    RADIANCE_MULT_BAND_9 = 2.3512E-03"
,,,"    RADIANCE_MULT_BAND_10 = 3.3420E-04"
,,,"    RADIANCE_MULT_BAND_11 = 3.3420E-04"
,"    RADIANCE_ADD_BAND_1 = -2.28583","    RADIANCE_ADD_BAND_1 = -6.97874","    RADIANCE_ADD_BAND_1 = -61.77469"
,"    RADIANCE_ADD_BAND_2 = -4.28819","    RADIANCE_ADD_BAND_2 = -7.19882","    RADIANCE_ADD_BAND_2 = -63.25803"
,"    RADIANCE_ADD_BAND_3 = -2.21398","    RADIANCE_ADD_BAND_3 = -5.62165","    RADIANCE_ADD_BAND_3 = -58.29174"
,"    RADIANCE_ADD_BAND_4 = -2.38602","    RADIANCE_ADD_BAND_4 = -6.06929","    RADIANCE_ADD_BAND_4 = -49.15488"
,"    RADIANCE_ADD_BAND_5 = -0.49035","    RADIANCE_ADD_BAND_5 = -1.12622","    RADIANCE_ADD_BAND_5 = -30.08033"
,"    RADIANCE_ADD_BAND_6 = 1.18243",,"    RADIANCE_ADD_BAND_6 = -7.48071"
,,"    RADIANCE_ADD_BAND_6_VCID_1 = -0.06709",
,,"    RADIANCE_ADD_BAND_6_VCID_2 = 3.16280",
,"    RADIANCE_ADD_BAND_7 = -0.21555","    RADIANCE_ADD_BAND_7 = -0.39390","    RADIANCE_ADD_BAND_7 = -2.52140"
,,"    RADIANCE_ADD_BAND_8 = -5.67559","    RADIANCE_ADD_BAND_8 = -55.62979"
,,,"    RADIANCE_ADD_BAND_9 = -11.75608"
,,,"    RADIANCE_ADD_BAND_10 = 0.10000"
,,,"    RADIANCE_ADD_BAND_11 = 0.10000"
,"    REFLECTANCE_MULT_BAND_1 = 1.2367E-03","    REFLECTANCE_MULT_BAND_1 = 1.2068E-03","    REFLECTANCE_MULT_BAND_1 = 2.0000E-05"
,"    REFLECTANCE_MULT_BAND_2 = 2.5847E-03","    REFLECTANCE_MULT_BAND_2 = 1.3579E-03","    REFLECTANCE_MULT_BAND_2 = 2.0000E-05"
,"    REFLECTANCE_MULT_BAND_3 = 2.1996E-03","    REFLECTANCE_MULT_BAND_3 = 1.2861E-03","    REFLECTANCE_MULT_BAND_3 = 2.0000E-05"
,"    REFLECTANCE_MULT_BAND_4 = 2.6623E-03","    REFLECTANCE_MULT_BAND_4 = 2.8554E-03","    REFLECTANCE_MULT_BAND_4 = 2.0000E-05"
,"    REFLECTANCE_MULT_BAND_5 = 1.8027E-03","    REFLECTANCE_MULT_BAND_5 = 1.7971E-03","    REFLECTANCE_MULT_BAND_5 = 2.0000E-05"
,,,"    REFLECTANCE_MULT_BAND_6 = 2.0000E-05"
,"    REFLECTANCE_MULT_BAND_7 = 2.5023E-03","    REFLECTANCE_MULT_BAND_7 = 1.7023E-03","    REFLECTANCE_MULT_BAND_7 = 2.0000E-05"
,,"    REFLECTANCE_MULT_BAND_8 = 2.3336E-03","    REFLECTANCE_MULT_BAND_8 = 2.0000E-05"
,,,"    REFLECTANCE_MULT_BAND_9 = 2.0000E-05"
,"    REFLECTANCE_ADD_BAND_1 = -0.003691","    REFLECTANCE_ADD_BAND_1 = -0.010814","    REFLECTANCE_ADD_BAND_1 = -0.100000"
,"    REFLECTANCE_ADD_BAND_2 = -0.007653","    REFLECTANCE_ADD_BAND_2 = -0.012237","    REFLECTANCE_ADD_BAND_2 = -0.100000"
,"    REFLECTANCE_ADD_BAND_3 = -0.004665","    REFLECTANCE_ADD_BAND_3 = -0.011631","    REFLECTANCE_ADD_BAND_3 = -0.100000"
,"    REFLECTANCE_ADD_BAND_4 = -0.007251","    REFLECTANCE_ADD_BAND_4 = -0.017879","    REFLECTANCE_ADD_BAND_4 = -0.100000"
,"    REFLECTANCE_ADD_BAND_5 = -0.007345","    REFLECTANCE_ADD_BAND_5 = -0.016035","    REFLECTANCE_ADD_BAND_5 = -0.100000"
,,,"    REFLECTANCE_ADD_BAND_6 = -0.100000"
,"    REFLECTANCE_ADD_BAND_7 = -0.008228","    REFLECTANCE_ADD_BAND_7 = -0.015275","    REFLECTANCE_ADD_BAND_7 = -0.100000"
,,"    REFLECTANCE_ADD_BAND_8 = -0.013576","    REFLECTANCE_ADD_BAND_8 = -0.100000"
,,,"    REFLECTANCE_ADD_BAND_9 = -0.100000"
,"  END_GROUP = LEVEL1_RADIOMETRIC_RESCALING","  END_GROUP = LEVEL1_RADIOMETRIC_RESCALING","  END_GROUP = LEVEL1_RADIOMETRIC_RESCALING"
,"  GROUP = LEVEL1_THERMAL_CONSTANTS","  GROUP = LEVEL1_THERMAL_CONSTANTS","  GROUP = LEVEL1_THERMAL_CONSTANTS"
,"    K1_CONSTANT_BAND_6 = 607.76",,
,"    K2_CONSTANT_BAND_6 = 1260.56",,
,,"    K1_CONSTANT_BAND_6_VCID_1 = 666.09",
,,"    K2_CONSTANT_BAND_6_VCID_1 = 1282.71",
,,"    K1_CONSTANT_BAND_6_VCID_2 = 666.09",
,,"    K2_CONSTANT_BAND_6_VCID_2 = 1282.71",
,,,"    K1_CONSTANT_BAND_10 = 774.8853"
,,,"    K2_CONSTANT_BAND_10 = 1321.0789"
,,,"    K1_CONSTANT_BAND_11 = 480.8883"
,,,"    K2_CONSTANT_BAND_11 = 1201.1442"
,"  END_GROUP = LEVEL1_THERMAL_CONSTANTS","  END_GROUP = LEVEL1_THERMAL_CONSTANTS","  END_GROUP = LEVEL1_THERMAL_CONSTANTS"
,"  GROUP = LEVEL1_PROJECTION_PARAMETERS","  GROUP = LEVEL1_PROJECTION_PARAMETERS","  GROUP = LEVEL1_PROJECTION_PARAMETERS"
,"    MAP_PROJECTION = ""UTM""","    MAP_PROJECTION = ""UTM""","    MAP_PROJECTION = ""UTM"""
,"    DATUM = ""WGS84""","    DATUM = ""WGS84""","    DATUM = ""WGS84"""
,"    ELLIPSOID = ""WGS84""","    ELLIPSOID = ""WGS84""","    ELLIPSOID = ""WGS84"""
,"    UTM_ZONE = 10","    UTM_ZONE = 11","    UTM_ZONE = 45"
,,"    GRID_CELL_SIZE_PANCHROMATIC = 15.00","    GRID_CELL_SIZE_PANCHROMATIC = 15.00"
,"    GRID_CELL_SIZE_REFLECTIVE = 30.00","    GRID_CELL_SIZE_REFLECTIVE = 30.00","    GRID_CELL_SIZE_REFLECTIVE = 30.00"
,"    GRID_CELL_SIZE_THERMAL = 30.00","    GRID_CELL_SIZE_THERMAL = 30.00","    GRID_CELL_SIZE_THERMAL = 30.00"
,"    ORIENTATION = ""NORTH_UP""","    ORIENTATION = ""NORTH_UP""","    ORIENTATION = ""NORTH_UP"""
,"    RESAMPLING_OPTION = ""CUBIC_CONVOLUTION""","    RESAMPLING_OPTION = ""CUBIC_CONVOLUTION""","    RESAMPLING_OPTION = ""CUBIC_CONVOLUTION"""
,"    MAP_PROJECTION_L0RA = ""NA""",,
,,"    SCAN_GAP_INTERPOLATION = 2.0",
,"  END_GROUP = LEVEL1_PROJECTION_PARAMETERS","  END_GROUP = LEVEL1_PROJECTION_PARAMETERS","  END_GROUP = LEVEL1_PROJECTION_PARAMETERS"
,"  GROUP = PRODUCT_PARAMETERS","  GROUP = PRODUCT_PARAMETERS",
,"    DATA_TYPE_L0RP = ""TMR_L0RP""",,
,"    CORRECTION_GAIN_BAND_1 = ""CPF""","    CORRECTION_GAIN_BAND_1 = ""CPF""",
,"    CORRECTION_GAIN_BAND_2 = ""CPF""","    CORRECTION_GAIN_BAND_2 = ""CPF""",
,"    CORRECTION_GAIN_BAND_3 = ""CPF""","    CORRECTION_GAIN_BAND_3 = ""CPF""",
,"    CORRECTION_GAIN_BAND_4 = ""CPF""","    CORRECTION_GAIN_BAND_4 = ""CPF""",
,"    CORRECTION_GAIN_BAND_5 = ""CPF""","    CORRECTION_GAIN_BAND_5 = ""CPF""",
,"    CORRECTION_GAIN_BAND_6 = ""INTERNAL_CALIBRATION""",,
,,"    CORRECTION_GAIN_BAND_6_VCID_1 = ""CPF""",
,,"    CORRECTION_GAIN_BAND_6_VCID_2 = ""CPF""",
,"    CORRECTION_GAIN_BAND_7 = ""CPF""","    CORRECTION_GAIN_BAND_7 = ""CPF""",
,,"    CORRECTION_GAIN_BAND_8 = ""CPF""",
,"    CORRECTION_BIAS_BAND_1 = ""CPF""","    CORRECTION_BIAS_BAND_1 = ""INTERNAL_CALIBRATION""",
,"    CORRECTION_BIAS_BAND_2 = ""CPF""","    CORRECTION_BIAS_BAND_2 = ""INTERNAL_CALIBRATION""",
,"    CORRECTION_BIAS_BAND_3 = ""CPF""","    CORRECTION_BIAS_BAND_3 = ""INTERNAL_CALIBRATION""",
,"    CORRECTION_BIAS_BAND_4 = ""CPF""","    CORRECTION_BIAS_BAND_4 = ""INTERNAL_CALIBRATION""",
,"    CORRECTION_BIAS_BAND_5 = ""CPF""","    CORRECTION_BIAS_BAND_5 = ""INTERNAL_CALIBRATION""",
,"    CORRECTION_BIAS_BAND_6 = ""CPF""",,
,,"    CORRECTION_BIAS_BAND_6_VCID_1 = ""INTERNAL_CALIBRATION""",
,,"    CORRECTION_BIAS_BAND_6_VCID_2 = ""INTERNAL_CALIBRATION""",
,"    CORRECTION_BIAS_BAND_7 = ""CPF""","    CORRECTION_BIAS_BAND_7 = ""INTERNAL_CALIBRATION""",
,,"    CORRECTION_BIAS_BAND_8 = ""INTERNAL_CALIBRATION""",
,,"    GAIN_BAND_1 = ""H""",
,,"    GAIN_BAND_2 = ""H""",
,,"    GAIN_BAND_3 = ""H""",
,,"    GAIN_BAND_4 = ""L""",
,,"    GAIN_BAND_5 = ""H""",
,,"    GAIN_BAND_6_VCID_1 = ""L""",
,,"    GAIN_BAND_6_VCID_2 = ""H""",
,,"    GAIN_BAND_7 = ""H""",
,,"    GAIN_BAND_8 = ""L""",
,,"    GAIN_CHANGE_BAND_1 = ""HH""",
,,"    GAIN_CHANGE_BAND_2 = ""HH""",
,,"    GAIN_CHANGE_BAND_3 = ""HH""",
,,"    GAIN_CHANGE_BAND_4 = ""LL""",
,,"    GAIN_CHANGE_BAND_5 = ""HH""",
,,"    GAIN_CHANGE_BAND_6_VCID_1 = ""LL""",
,,"    GAIN_CHANGE_BAND_6_VCID_2 = ""HH""",
,,"    GAIN_CHANGE_BAND_7 = ""HH""",
,,"    GAIN_CHANGE_BAND_8 = ""LL""",
,,"    GAIN_CHANGE_SCAN_BAND_1 = 0",
,,"    GAIN_CHANGE_SCAN_BAND_2 = 0",
,,"    GAIN_CHANGE_SCAN_BAND_3 = 0",
,,"    GAIN_CHANGE_SCAN_BAND_4 = 0",
,,"    GAIN_CHANGE_SCAN_BAND_5 = 0",
,,"    GAIN_CHANGE_SCAN_BAND_6_VCID_1 = 0",
,,"    GAIN_CHANGE_SCAN_BAND_6_VCID_2 = 0",
,,"    GAIN_CHANGE_SCAN_BAND_7 = 0",
,,"    GAIN_CHANGE_SCAN_BAND_8 = 0",
,"  END_GROUP = PRODUCT_PARAMETERS","  END_GROUP = PRODUCT_PARAMETERS",
,END_GROUP = LANDSAT_METADATA_FILE,END_GROUP = LANDSAT_METADATA_FILE,END_GROUP = LANDSAT_METADATA_FILE
,END,END,END